{"ibot_loss":5.550374984741211,"dino_local_crops_loss":11.1063871383667,"ibot_head_grad_norm":0.023302065208554268,"_step":195,"iteration":195,"lr":1.5601248099847987e-05,"global_batch_size":64,"backbone_grad_norm":2.300354242324829,"dino_head_grad_norm":0.015194403007626534,"_timestamp":1.7648560557622604e+09,"mom":0.9920000480372424,"_runtime":186.043482966,"wd":0.04000216167590759,"koleo_loss":-0.2265625,"_wandb":{"runtime":186},"dino_local_loss_weight":1,"last_layer_lr":0,"dino_global_crops_loss":11.10171127319336,"total_loss":16.61083221435547,"local_batch_size":64}